,country,2000,2001,2002,2003,2004,2005,2006,2007,2008,2009,2010,2011,2012,2013,2014,2015,2016,2017,2018,2019
0,Afghanistan,11.5170002,11.51299953,11.59599972,11.60400009,11.52799988,11.4289999,11.22399998,11.04599953,10.98499966,11.38700008,11.48400021,11.48799992,11.50800037,11.5340004,11.44799995,11.38700008,11.31299973,11.18400002,11.05700016,11.11800003
1,Angola,3.836999893,3.835000038,3.871000051,3.875,3.8420000080000003,3.799999952,3.711999893,3.637000084,3.6119999889999996,3.782000065,9.430000305,7.361999989,7.379000187000001,7.400000095,7.3309998510000005,7.282000065,7.22300005,7.118999958,7.019000052999999,6.886000156000001
2,Albania,16.57299995,16.56699944,16.67300034,16.68400002,16.58600044,16.45999908,16.19599915,15.965999599999998,13.06000042,13.67399979,14.08600044,13.48099995,13.376000400000002,15.86600018,17.48999977,17.07999992,15.22000027,13.75,12.34000015,12.33100033
3,Argentina,15.0,17.31999969,19.59000015,15.35999966,13.52200031,11.50599957,10.07699966,8.470000267,7.836999893,8.645000458,7.714000225,7.179999828,7.217000007999999,7.099999905,7.2680001260000004,7.75,7.977000237,8.347000122,9.220000267,9.788999557
4,Armenia,11.0539999,10.93299961,10.8920002,10.78299999,10.59799957,10.39299965,10.09000015,9.812000275,13.47500038,18.43600082,19.00799942,18.44300079,17.301000600000002,16.17900085,17.49799919,18.26099968,17.61700058,17.70499992,17.49600029,16.98999977
5,Austria,4.686999798,4.006999969,4.848999977,4.778999805,5.834000111,5.627999783,5.243000031,4.857999802,4.127999783,5.301000118,4.820000172,4.56400013,4.864999771,5.335000038,5.6199998860000004,5.72300005,6.013999939,5.499000072,4.84800005,4.673999786
6,Azerbaijan,11.80000019,10.89999962,10.0,9.25,8.0,7.3000001910000005,6.6199998860000004,6.5399999620000004,6.0500001910000005,5.739999771,5.6300001139999996,5.420000076,5.190000057,4.96999979,4.909999847,4.960000038,5.0,5.0,4.900000095,5.508999825
7,Burundi,1.8760000469999998,1.873000026,1.911999941,1.9149999619999998,1.8780000209999999,1.832000017,1.738000035,1.6590000390000001,1.6339999440000001,1.7640000580000001,1.75999999,1.7150000330000001,1.6779999730000001,1.644000053,1.5720000269999999,1.5520000459999999,1.5279999969999998,1.486999989,1.4479999540000001,1.4270000459999999
8,Belgium,6.585999966,6.177000046,6.90899992,7.679999828,7.362999916000001,8.43999958,8.24600029,7.458000182999999,6.975999832,7.907999992000001,8.291999817,7.139999866,7.541999817000001,8.425000191,8.522999763,8.482000351,7.829999924,7.085999966,5.947999954,5.589000225
9,Benin,0.829999983,0.750999987,0.689999998,0.734000027,0.764999986,0.7910000090000001,0.796000004,0.80400002,0.8339999909999999,0.967000008,1.039999962,2.6459999080000003,2.660000086,2.677000046,2.6210000509999998,2.582000017,2.536999941,2.459000111,2.385999918,2.2320001130000002
10,Burkina Faso,2.569999933,2.625999928,2.7170000080000003,2.779999971,3.372999907,4.0,3.63499999,3.299999952,3.605999947,4.243999958,4.717000008,5.1430001260000004,5.600999832,6.086999893,6.479000092000001,6.418000221000001,6.343999863,6.21600008,6.093999863,6.263999939
11,Bangladesh,3.2699999810000002,3.585999966,3.963999987,4.320000172,4.293000221000001,4.25,3.59100008,3.8880000110000004,4.267000198,5.0,3.378999949,3.7049999239999996,4.054999828,4.426000118,4.394999981000001,4.377999783,4.349999905,4.372000217,4.2810001369999995,4.190000057
12,Bulgaria,16.21800041,19.92099953,18.10899925,13.732999800000002,12.036999699999999,10.08300018,8.951000214,6.877999783,5.609000206,6.816999912000001,10.27900028,11.26000023,12.27000046,12.94099998,11.42399979,9.142999649,7.5749998089999995,6.164000034,5.210999966,4.340000153
13,Bahrain,1.4659999609999999,1.478000045,1.2039999959999999,1.228000045,1.297999978,0.9980000259999999,0.824999988,0.640999973,0.609000027,1.080000043,1.129999995,1.274000049,1.200000048,1.3229999540000001,1.169999957,1.129999995,0.91900003,0.700999975,0.649999976,0.713999987
14,Bosnia and Herzegovina,25.65500069,26.60199928,27.70400047,28.70999908,29.59399986,30.4470005,31.11000061,28.98399925,23.40500069,24.06800079,27.31200027,27.58200073,28.01000023,27.45000076,27.5170002,27.69400024,25.40800095,20.52700043,18.39999962,18.42499924
15,Belarus,12.0010004,11.25500011,10.61800003,9.927000046,9.18599987,8.460000037999999,7.68900013,6.9819998739999996,6.390999794,6.099999905,6.125999928,6.09800005,6.078000069,6.0630002020000004,5.980999947000001,5.914000034,5.840000152999999,5.650000095,4.760000229,4.59499979
16,Bolivia,2.8929998869999998,2.890000105,2.9349999430000002,2.9389998910000004,2.8959999080000003,2.84100008,2.7290000919999997,2.63499999,2.602999926,2.862999916,2.552000046,2.219000101,2.048000097,2.394000053,2.006999969,3.065999985,3.525000095,3.6700000760000004,3.53399992,3.497999907
17,Brazil,9.895000458,9.609999657000001,9.37100029,9.991000175,9.104999542,9.56799984,8.638999939,8.326999664,7.342999935,8.522000313,7.736000061,6.916999817000001,7.18599987,6.975999832,6.660999775,8.427000046,11.60000038,12.82199955,12.33399963,12.08300018
18,Bhutan,1.636999965,1.899999976,1.861999989,1.7999999519999998,2.49000001,3.099999905,3.1300001139999996,3.700000048,3.663000107,3.960000038,3.319999933,3.2300000189999998,2.049999952,2.8699998860000004,2.630000114,2.450000048,2.415999889,2.35800004,2.302999973,2.3420000080000003
19,Botswana,15.88000011,18.54000092,21.13500023,23.79999924,21.76600075,19.79999924,17.79999924,16.97200012,16.30800056,16.16900063,17.86000061,17.86499977,17.88899994,17.92099953,17.81900024,17.74699974,17.6590004,17.50499916,17.35300064,18.19300079
20,Central African Republic,3.953000069,3.950000048,4.000999928,4.006000042,3.957000017,3.8959999080000003,3.769000053,3.661000013,3.625,3.867000103,3.9270000460000003,3.928999901,3.9400000569999998,3.95600009,3.90199995,3.864000082,3.8190000060000004,3.74000001,3.664000034,3.680000067
21,Canada,6.828999996,7.218999863,7.6649999620000004,7.573999882000001,7.184999942999999,6.757999897,6.320000172,6.035999775,6.137000083999999,8.343999862999999,8.055999756,7.511000156000001,7.291999817000001,7.073999882000001,6.914000034,6.906000137,6.999000072,6.340000152999999,5.8309998510000005,5.56400013
22,Switzerland,2.665999889,2.49000001,2.924000025,4.116000175,4.315999985,4.436999798,4.0,3.65199995,3.349999905,4.116000175,4.80700016,4.407999992,4.485000134,4.747000217,4.826000214,4.801000118,4.918000221000001,4.796999931,4.712999821,4.5809998510000005
23,Chile,10.49100018,10.39000034,10.16800022,9.765000342999999,10.161999699999999,9.340000153,9.024000167999999,8.427000046,9.284999847,11.31299973,8.423999786,7.343999863,6.65899992,6.214000225,6.6649999620000004,6.507999897,6.737999916000001,6.958000182999999,7.232999802,7.090000152999999
24,China,3.260999918,3.8020000460000003,4.243000031,4.581999778999999,4.493999958,4.514999866,4.431000233,4.347000122,4.586999893,4.71999979,4.526000023,4.547999859,4.570000172,4.590000153,4.609000206,4.629000187,4.534999847,4.440999985,4.276000023,4.320000172
25,Ivory Coast,4.514999866,4.715000153,4.974999905,5.193999767,5.357999802,5.506000042,5.572999954,5.653999805,5.823999882000001,6.381999969,6.704999924,6.953999996,7.22300005,4.254000187,3.6470000739999997,3.101999998,2.598999977,3.273000002,3.210000038,3.316999912
26,Cameroon,7.5850000379999996,7.4600000379999996,6.703000069,5.923999786,5.138000011,4.400000095,3.690999985,3.062999964,3.2960000039999997,3.766000032,4.110000134,3.9690001010000002,3.836999893,3.710999966,3.53399992,3.5060000419999997,3.4719998839999997,3.414000034,3.3570001130000002,3.3800001139999996
27,Colombia,20.52000046,15.03999996,15.63300037,14.18900013,13.71700001,11.86999989,11.52600002,11.20400047,11.27299976,12.06599998,10.98400021,10.11100006,9.739999771,9.052000046,8.57199955,8.298999786,8.692000389,8.871999741,9.111000061,9.706999779
28,Comoros,4.563000202,4.56099987,4.611999989,4.6170001030000005,4.571000099,4.513000011,4.390999794,4.288000107,4.254000187,4.488999843999999,4.547999859,4.551000118,4.563000202,4.578999996,4.527999878,4.493000031,4.4499998089999995,4.375,4.302000046,4.335999966
29,Cape Verde,10.69099998,10.68799973,10.76000023,10.76799965,10.70300007,10.61900043,10.44299984,10.28999996,10.23900032,10.58500004,10.67000008,10.93500042,11.21800041,11.51099968,11.69799995,11.9090004,12.10599995,12.23999977,12.17000008,12.2489996
30,Costa Rica,5.081999778999999,5.9149999620000004,6.334000111,6.558000087999999,6.390999794,6.571000099,5.739999771,4.489999771,4.7810001369999995,7.712999821,7.171000004,10.13899994,9.784000397,8.767999649,9.059000015,8.998999596,8.597999573,8.142000198,9.631999968999999,11.85400009
31,Cuba,5.4499998089999995,4.079999924,3.3099999430000002,2.329999924,1.8539999719999998,1.9500000480000002,1.9129999880000002,1.7879999880000002,1.582999945,1.669999957,2.5,3.180000067,3.460000038,3.289999962,2.700000048,2.400000095,2.0,1.7000000480000002,1.7000000480000002,1.638000011
32,Cyprus,4.967000008,3.983999968,3.298000097,4.135000229,4.333000183,5.303999901,4.543000221000001,3.921999931,3.654999971,5.363999843999999,6.263000011,7.855999947000001,11.79500008,15.87100029,16.08799934,14.90799999,12.94999981,11.05200005,8.369999886,7.274000168
33,Czech Republic,8.762000084,7.991000175,7.019000052999999,7.5440001489999995,8.210000037999999,7.927000046,7.147999763,5.320000172,4.392000198,6.662000179,7.278999805,6.710999966,6.978000164,6.953000069,6.107999802,5.046000004,3.950999975,2.890000105,2.243000031,1.9329999690000002
34,Germany,7.916999817000001,7.772999763,8.482000351,9.779000282,10.72700024,11.16699982,10.25,8.657999992,7.524000168,7.742000103,6.96600008,5.823999882000001,5.379000187000001,5.230999947,4.980999947,4.624000072,4.122000217,3.746000051,3.3840000630000002,3.042999983
35,Djibouti,10.71800041,10.713000300000001,10.79399967,10.80200005,10.72599983,10.62899971,10.42599964,10.2489996,10.18999958,10.58500004,10.68099976,10.68500042,10.70400047,10.72900009,10.64400005,10.58399963,10.51000023,10.38199997,10.25699997,10.29500008
36,Denmark,4.475999832,4.164000034,4.274000168,5.397999763,5.203999996,4.829999924,3.8970000739999997,3.801000118,3.434000015,6.006999969,7.464000225,7.572999954,7.526000023,6.997000217,6.589000225,6.168000221000001,6.181000233,5.743000031,4.974999905,4.913000107
37,Dominican Republic,6.43200016,7.262000083999999,6.778999805,6.9380002020000004,6.3029999729999995,6.586999893,5.65500021,5.157999992,4.763999939,5.467000007999999,5.211999893,6.086999893,6.722000122000001,7.352000237,6.718999863,7.605000018999999,7.282999992000001,5.831999778999999,5.738999843999999,5.84499979
38,Algeria,29.77000046,27.29999924,25.89999962,23.71999931,17.64999962,15.27000046,12.27000046,13.78999996,11.32999992,10.15999985,9.960000037999999,9.960000037999999,10.97000027,9.819999695,10.20699978,11.20600033,10.20199966,11.99600029,11.88199997,11.70400047
39,Ecuador,4.798999786,4.251999855,4.954999924,5.662000179,5.001999855,3.7780001160000003,3.549999952,3.14199996,3.917000055,4.607999802,4.087999821,3.457999945,3.234999895,3.082999945,3.4800000189999998,3.6159999369999998,4.597000122,3.835999966,3.529999971,3.967999935
40,Egypt,8.979999542,9.260000229,10.01000023,11.01000023,10.31999969,11.19999981,10.48999977,8.800000191,8.517000198,9.086999893,8.756999968999999,11.84899998,12.59700012,13.15400028,13.10499954,13.05200005,12.40699959,11.73700047,11.59200001,10.76000023
41,Eritrea,5.43900013,5.434999942999999,5.493999958,5.5,5.443999767,5.373000145,5.225999832,5.099999905,5.05700016,5.340000153,5.409999847000001,5.412000179,5.426000117999999,5.443999767,5.381999969,5.337999821,5.284999847,5.19299984,5.104000092,5.144000053
42,Spain,13.78499985,10.34799957,11.14599991,11.28299999,11.09000015,9.145999908,8.451999664,8.232000351,11.25399971,17.85700035,19.86000061,21.38999939,24.78700066,26.09399986,24.44099998,22.05699921,19.63500023,17.22400093,15.25500011,13.95899963
43,Estonia,13.35999966,13.13399982,10.02600002,11.28800011,10.24800014,8.032999992,5.9149999620000004,4.592000008,5.454999924,13.54800034,16.70700073,12.32800007,10.02099991,8.630999565,7.352000237,6.1869997979999996,6.762000083999999,5.760000229,5.366000175,5.114999771
44,Ethiopia,3.4869999889999996,3.282000065,3.128999949,2.9400000569999998,2.717999935,2.496999979,2.374000072,2.2679998869999998,2.210999966,2.335000038,2.338000059,2.303999901,2.276000023,2.250999928,2.217999935,2.194999933,2.167999983,2.119999886,2.075000048,2.08100009
45,Finland,11.13399982,10.28999996,10.42300034,10.46899986,10.3579998,8.383999825,7.718999863,6.854000092000001,6.368999958,8.248999596,8.394000053,7.781000137,7.68900013,8.19299984,8.663000107,9.376000404,8.81799984,8.640000342999999,7.361000061,6.59499979
46,France,10.21700001,8.609999657000001,8.701999664,8.305999756,8.913999557,8.493000031000001,8.447999954,7.657000065,7.0630002020000004,8.736000061,8.87100029,8.81099987,9.399999618999999,9.920999527000001,10.29199982,10.35900021,10.05700016,9.397000313,9.059000015,8.427000046
47,Gabon,17.36499977,17.28899956,17.31200027,17.25,17.09199905,16.90999985,17.32299995,17.76199913,18.34799957,19.5529995,20.38999939,20.39599991,20.42399979,20.45999908,20.34300041,20.26000023,20.1590004,19.98200035,19.80699921,20.00399971
48,United Kingdom,5.5619997979999996,4.695000172,5.037000179,4.80700016,4.5939998630000005,4.75,5.349999905,5.262000083999999,5.614999771,7.537000179,7.787000179,8.036999702000001,7.885000229,7.525000095,6.110000134,5.301000118,4.813000202,4.335000038,3.996000051,3.851000071
49,Georgia,10.81999969,11.15999985,12.59000015,11.51000023,12.61999989,13.81000042,13.56999969,13.27999973,17.87000084,20.70999908,20.20299911,19.63199997,19.65299988,19.41600037,17.43799973,16.50600052,16.60400009,13.93900013,13.78499985,14.39799976
50,Ghana,10.35999966,9.281000137000001,8.340999603,7.382999897,6.422999859,5.520999907999999,4.635000229,4.666999817,4.763999939,5.125,5.320000172,5.618999958,5.9369997979999996,6.269000052999999,6.52699995,6.806000233,5.4499998089999995,4.22300005,4.157000065,4.3309998510000005
51,Guinea,4.500999928,4.499000072,4.548999786,4.553999901,4.508999825,4.452000141,4.333000183,4.2319998739999996,4.198999882,4.428999901,4.486999989,4.489999771,4.501999855,4.5180001260000004,4.467999935,4.434000015,4.392000198,4.31799984,4.247000217,4.296000004
52,Gambia,9.420000076,9.416999817,9.489999771,9.498000145,9.430999756,9.345000267,9.166000366,9.01099968,8.958999634,9.31000042,9.395000458,9.399000167999999,9.416999817,9.440999985,9.364999771,9.312999725,9.248999596,9.13599968,9.027000427,9.055999756
53,Guinea-Bissau,2.680000067,2.677000046,2.720000029,2.723999977,2.683000088,2.6310000419999997,2.526000023,2.436000109,2.405999899,2.6070001130000002,2.655999899,2.6579999919999997,2.667999983,2.680000067,2.63499999,2.6040000919999997,2.565999985,2.5,2.437999964,2.46600008
54,Equatorial Guinea,6.754000187000001,6.75,6.815999985,6.8220000270000005,6.760000229,6.68200016,6.519000052999999,6.377999783,6.3309998510000005,6.645999907999999,6.72300005,6.725999832,6.741000175,6.761000156000001,6.691999912000001,6.644000052999999,6.5850000379999996,6.482999802,6.382999897,6.433000087999999
55,Greece,11.24800014,10.45600033,9.975000381000001,9.411999702000001,10.31099987,9.994000435,9.008000374,8.395999908,7.760000229,9.616000175,12.713000300000001,17.86499977,24.43899918,27.465999600000004,26.49099922,24.89699936,23.53899956,21.48800087,19.29199982,17.23800087
56,Guatemala,2.766000032,2.765000105,2.802999973,2.8069999219999997,2.9709999560000004,3.010999918,2.9949998860000004,2.9909999369999998,3.04399991,3.3469998839999997,3.496999979,3.1159999369999998,2.765000105,3.01699996,2.7170000080000003,2.5060000419999997,2.582999945,2.461999893,2.40199995,2.459000111
57,Guyana,11.81299973,11.77000046,11.81000042,11.6239996,11.36100006,11.07999992,10.69999981,10.65400028,10.71700001,11.22999954,11.45400047,11.58699989,11.73799992,11.89599991,11.93700027,12.00399971,12.05500031,12.04399967,11.90600014,11.85200024
58,Honduras,3.917999983,4.0,4.019999981000001,5.3000001910000005,5.989999771,4.90899992,3.575000048,3.210999966,3.1559998989999998,3.292000055,4.118999958,4.473999977,3.753999949,4.096000195,5.487999916000001,6.146999836,6.727000237,5.527999877999999,5.647999763,5.386000156000001
59,Croatia,16.06399918,15.82199955,15.05300045,13.92399979,13.66399956,12.59799957,11.13000011,9.909000397,8.529999733,9.201999664,11.61999989,13.67800045,15.93500042,17.25099945,17.29000092,16.17499924,13.10299969,11.20800018,8.43200016,6.934999942999999
60,Haiti,8.225999832000001,9.335000037999999,10.59000015,11.86200047,13.11600018,14.39400005,15.5710001,16.79999924,16.04000092,15.92500019,15.37899971,14.72299957,14.10000038,14.13000011,14.03299999,13.96500015,13.88099957,13.73499966,13.59200001,13.78100014
61,Hungary,6.5630002020000004,5.671000004,5.607999802,5.7899999620000004,5.831999778999999,7.18900013,7.493999958,7.406000137,7.816999912000001,10.02999973,11.17199993,11.02900028,11.00300026,10.17599964,7.724999905,6.8130002020000004,5.114999771,4.1560001369999995,3.707999945,3.398999929
62,Indonesia,6.078000069,6.081999778999999,6.604000092000001,6.657000065,7.3029999729999995,7.945000172,7.551000117999999,8.06000042,7.209000111,6.105999947000001,5.613999843999999,5.152999878,4.467999935,4.335999966,4.048999786,4.513999939,4.301000118,4.184999943,4.511000156000001,4.686999798
63,India,5.663000107,5.65899992,5.718999863,5.724999905,5.6690001489999995,5.59800005,5.4499998089999995,5.322999954,5.2810001369999995,5.565999985,5.636000156000001,5.638000011,5.65199995,5.671000004,5.607999802,5.565000057000001,5.511000156000001,5.4190001489999995,5.329999924,5.355000018999999
64,Ireland,4.31799984,3.683000088,4.215000153,4.478000164,4.491000175,4.342000008,4.414999962,4.980000018999999,6.774000168,12.60900021,14.53299999,15.35299969,15.45100021,13.73499966,11.85700035,9.906000137000001,8.373999596,6.711999893,5.739999771,4.927999973
65,Iran,11.45100021,12.07299995,12.80000019,11.5539999,10.30000019,12.10000038,11.19999981,10.60000038,10.47999954,11.97000027,13.52000046,12.44999981,12.63000011,10.43999958,10.56999969,11.06000042,12.43000031,12.10000038,12.03999996,11.38199997
66,Iraq,9.045999527000001,9.043000221,9.112000465,9.119000435,9.055000305,8.972000122,8.798999786,8.649000167999999,8.392999649,8.50399971,8.366000175,8.157999992,7.965000152999999,9.277999878,10.59000015,10.713000300000001,10.81999969,13.02000046,12.86200047,12.82199955
67,Italy,10.84200001,9.595000267,9.206999779,8.866000175,7.866000175,7.730999947000001,6.77699995,6.0749998089999995,6.72300005,7.749000072,8.362999916,8.359000206000001,10.65499973,12.14900017,12.68299961,11.89599991,11.68799973,11.21100044,10.60999966,9.887000084
68,Jamaica,15.53899956,14.93000031,14.19099998,11.73999977,11.43999958,11.26299953,10.32499981,9.744999886,10.32999992,11.36200047,12.36600018,12.69999981,13.93000031,15.251000400000002,13.73999977,13.51099968,13.19200039,11.63399982,9.104000092,8.001999855
69,Jordan,13.69999981,14.69999981,15.30000019,14.5,14.66399956,14.80000019,14.0,13.10000038,12.69999981,12.89999962,12.5,12.89999962,12.19999981,12.60000038,11.89999962,13.07499981,15.27499962,15.11499977,14.95899963,14.71500015
70,Japan,4.6999998089999995,5.0,5.400000095,5.3000001910000005,4.6999998089999995,4.400000095,4.099999905,3.900000095,4.0,5.099999905,5.099999905,4.520999908,4.3000001910000005,4.0,3.599999905,3.400000095,3.099999905,2.799999952,2.400000095,2.290999889
71,Kazakhstan,12.75,10.43000031,9.329999924,8.779999733,8.399999618999999,8.130000114,7.7899999620000004,7.260000229,6.6300001139999996,6.5500001910000005,5.769999981000001,5.389999866,5.289999962,5.1999998089999995,5.059999943,4.929999828,4.960000038,4.900000095,4.8249998089999995,4.590000153
72,Kenya,2.859999895,2.85800004,2.900000095,2.9040000439999996,2.86500001,2.8150000569999998,2.7130000589999996,2.627000093,2.598999977,2.792999983,2.8420000080000003,2.8440001010000002,2.8540000919999997,2.867000103,2.823999882,2.79399991,2.7569999689999998,2.694999933,2.63499999,2.64199996
73,Kyrgyzstan,7.5399999620000004,7.840000152999999,12.55000019,9.920000076,8.529999733,8.109999657000001,8.270000458,8.100000381000001,8.220000267,8.409999847,8.640000342999999,8.529999733,8.430000305,8.329999924,8.050000191,7.559999942999999,7.2100000379999996,6.889999866,5.9600000379999996,6.329999924
74,Cambodia,1.072000027,1.131000042,1.230999947,1.302999973,1.332000017,1.345999956,1.297000051,1.256999969,0.8240000009999999,0.578999996,0.771000028,0.577000022,0.504999995,0.437999994,0.6919999720000001,0.39300000700000004,0.7160000209999999,0.6830000279999999,0.65200001,0.6769999859999999
75,South Korea,4.400000095,4.0,3.299999952,3.599999905,3.700000048,3.700000048,3.5,3.200000048,3.200000048,3.599999905,3.700000048,3.400000095,3.200000048,3.099999905,3.5,3.599999905,3.700000048,3.700000048,3.84800005,4.1479997630000005
76,Kuwait,0.800000012,0.800000012,1.100000024,1.299999952,1.7000000480000002,1.570000052,1.299999952,1.5,1.75,1.6399999859999999,1.820000052,2.21600008,2.61500001,2.921999931,2.900000095,2.200000048,2.160000086,1.7979999780000002,2.075999975,2.1819999219999997
77,Lebanon,8.300000191,8.180999756,8.130999565,8.022999763,7.849999905,8.288000107,8.62899971,8.979999542,7.4380002020000004,6.355000018999999,6.4190001489999995,6.421999931,6.434999942999999,6.452000141,6.395999907999999,6.3569998739999996,6.309000015,6.224999905,6.1430001260000004,6.229000092000001
78,Liberia,2.276000023,2.275000095,2.309000015,2.312000036,2.282000065,2.242000103,2.161999941,2.094000101,2.072999954,2.226999998,2.266000032,2.237999916,2.214999914,2.196000099,2.131999969,2.078999996,3.08100009,3.003999949,2.9319999219999997,2.8139998910000004
79,Libya,19.0340004,19.02899933,19.13199997,19.14299965,19.04899979,18.9279995,18.67200089,18.44799995,18.37299919,18.87700081,18.99900055,19.00499916,19.03000069,19.06299973,18.95599937,18.88100052,18.78899956,18.62700081,18.46800041,18.56299973
80,Sri Lanka,7.739999771,7.900000095,8.760000229,8.220000267,8.380000114,7.670000076,6.5,5.96999979,5.21999979,5.849999905,4.78399992,4.118000031,3.8800001139999996,4.241000175,4.193999767,4.519000053,4.2420001030000005,4.179999828,4.118999958,4.197999954
81,Lesotho,35.26800156,34.36899948,33.62900162,32.77000046,31.7859993,30.784000399999996,29.63500023,28.5510006,27.66799927,27.4640007,26.81399918,26.04199982,25.30200005,24.57999992,24.47100067,24.393999100000002,24.29999924,24.13400078,23.97100067,23.40500069
82,Lithuania,15.93099976,16.84000015,13.00800037,12.8739996,10.68400002,8.324999809,5.78000021,4.25,5.826000214,13.78499985,17.81399918,15.39000034,13.36499977,11.77000046,10.69799995,9.119999886,7.861999989,7.072999954,6.146999836,6.352000237
83,Luxembourg,2.345000029,1.804999948,2.6210000509999998,3.674999952,5.112999916000001,4.487999916000001,4.730999947,4.065000057,5.059999943,5.122000217,4.361000061,4.901000023,5.139999866,5.84800005,5.852000237,6.6690001489999995,6.290999889,5.521999836,5.5850000379999996,5.362999916000001
84,Latvia,14.21100044,13.8210001,13.82900047,12.06099987,11.70800018,10.03299999,7.03000021,6.052000046,7.738999843999999,17.51499939,19.48200035,16.20599937,15.04699993,11.86699963,10.84599972,9.873000145,9.642999649,8.715000153,7.412000179,6.519999981000001
85,Morocco,13.57999992,12.46000004,11.59000015,11.92000008,10.82999992,11.01000023,9.670000076,9.56000042,9.569999695,8.960000037999999,9.090000153,8.909999847,8.989999771,9.229999542,9.699999809,9.460000037999999,9.300000191,9.187000275,9.078000069,9.019000053
86,Moldova,8.460000037999999,7.2899999620000004,6.8000001910000005,7.9499998089999995,8.170000076,7.2899999620000004,7.3800001139999996,5.070000172,3.9800000189999998,6.400000095,7.446000099,6.68200016,5.578000069,5.104000092,3.855999947,3.6940000060000004,4.184999943,4.09800005,2.9779999260000003,5.47300005
87,Madagascar,5.8000001910000005,5.349999905,5.209000111,5.010000229,3.7190001010000002,2.619999886,2.819999933,3.0309998989999998,3.303999901,3.8610000610000004,4.28000021,2.019000053,0.5989999770000001,0.93599999,1.327000022,1.7849999669999999,1.763000011,1.725000024,1.68900001,1.758000016
88,Mexico,2.562999964,2.538000107,3.003000021,3.4549999239999996,3.937000036,3.558000088,3.565999985,3.628000021,3.874000072,5.355999947,5.302999973,5.170000076,4.887000083999999,4.914000034,4.809000015,4.313000202,3.858999968,3.4200000760000004,3.2829999919999997,3.424999952
89,Mali,5.322000027,6.09499979,6.980999947000001,7.875,8.75,9.784000397,10.72900009,11.71000004,10.20899963,9.284999847,8.069999695,6.900000095,7.096000195,7.3000001910000005,6.375,7.729000092000001,7.5529999729999995,7.329999924,7.110000134,7.223999977
90,Myanmar,0.7919999959999999,0.7910000090000001,0.809000015,0.81099999,0.79400003,0.7739999890000001,0.731999993,0.6980000140000001,0.686999977,0.764999986,0.785000026,0.786000013,0.7900000209999999,0.796000004,0.777999997,0.765999973,1.141000032,1.550999999,1.493999958,1.5770000219999998
91,Montenegro,30.47299957,30.465999600000004,30.62999916,30.64699936,30.5,30.30999947,24.50499916,19.39999962,17.14999962,19.09000015,19.64900017,19.67099953,19.97400093,19.49600029,17.99699974,17.54400063,17.72299957,16.07099915,15.17500019,14.88300037
92,Mongolia,6.144000052999999,6.140999794,6.1999998089999995,6.8000001910000005,6.96600008,7.110000134,7.151000023,7.1999998089999995,5.565000057000001,5.860000134,6.548999786,4.769000053,3.904999971,4.230999947,4.797999859,4.861000061,7.235000134,6.359000206,6.254000187000001,6.011000156000001
93,Mozambique,2.84100008,2.8819999689999998,2.963999987,3.010999918,3.0179998869999998,3.012000084,2.953000069,2.9059998989999998,2.9159998889999996,3.163000107,3.2590000630000002,3.305000067,3.3619999889999996,3.421999931,3.417000055,3.426000118,3.382999897,3.308000088,3.2369999889999996,3.2409999369999998
94,Mauritania,9.868000031000001,9.86400032,9.93900013,9.94699955,9.87899971,9.791000366,9.607000351,9.449000359,9.395000458,9.75399971,9.842000008,9.845999718,9.864999771,9.887999535,9.81099987,9.758000374,9.692000389,9.576999664,9.463999747999999,9.548000336
95,Mauritius,9.222999573,9.138999939,8.204999924,8.305000305,8.336999893,9.524000167999999,9.039999962000001,8.475000381000001,7.170000076,7.256999969,7.653999805,7.4470000270000005,7.472000122000001,7.3220000270000005,7.467000007999999,7.409999847000001,6.81400013,6.751999855,6.657000065,6.673999786
96,Malawi,5.931000233,5.9279999729999995,5.986000061,5.992000103,5.93900013,5.870999812999999,5.730000018999999,5.607999802,5.56799984,5.842999935,5.910999775,5.914000034,5.9279999729999995,5.946000099,5.887000083999999,5.846000195,5.795000076,5.706999778999999,5.622000217,5.652999877999999
97,Malaysia,3.0,3.529999971,3.4800000189999998,3.609999895,3.539999962,3.529999971,3.319999933,3.2300000189999998,3.339999914,3.6900000569999998,3.25,3.049999952,3.039999962,3.109999895,2.8800001139999996,3.099999905,3.4400000569999998,3.410000086,3.349999905,3.323999882
98,Namibia,20.29999924,20.731000899999998,21.28100014,21.73999977,22.09000015,21.96699905,21.69499969,21.45700073,21.38199997,21.95299911,22.10000038,19.33499908,16.77099991,19.02799988,18.52099991,20.88199997,23.35199928,21.573999399999998,19.87700081,20.27300072
99,Niger,1.470999956,1.4700000290000002,1.875,2.29399991,2.696000099,3.099999905,2.303999901,1.66900003,1.195000052,0.9089999790000001,0.583999991,0.317000002,0.384000003,0.45800000399999996,0.523999989,0.514999986,0.504999995,0.48699998899999997,0.47099998600000004,0.474999994
100,Nigeria,3.779999971,3.7780001160000003,3.816999912,3.821000099,3.786000013,3.74000001,3.6459999080000003,3.5650000569999998,3.539000034,3.7219998839999997,3.76699996,3.7699999810000002,3.734999895,3.703000069,4.561999798,4.31099987,7.059999942999999,8.388999939,8.243000031000001,8.095999718
101,Nicaragua,7.521999836,7.519999981000001,7.592000007999999,7.599999905,6.409999847000001,5.3699998860000004,5.309999943,4.889999866,6.1999998089999995,8.159999847,7.829999924,6.4470000270000005,5.208000183,5.28000021,4.519000053,4.6999998089999995,3.900000095,3.299999952,5.1999998089999995,6.836999893
102,Netherlands,2.724999905,2.1189999580000003,2.553999901,3.592999935,4.645999908,5.872000217,5.001999855,4.152999878,3.6540000439999996,4.347000122,4.988999843999999,4.9770002369999995,5.821000099,7.243000031,7.415999889,6.872000217,6.006000042,4.839000225,3.8299999239999996,3.196000099
103,Norway,3.457999945,3.737999916,4.021999836,4.221000195,4.256000042,4.381000042,3.398999929,2.493000031,2.549999952,3.1029999260000003,3.5209999080000003,3.214999914,3.122999907,3.423000097,3.483999968,4.296000004,4.678999901,4.162000179,3.799999952,3.3459999560000004
104,Nepal,1.8029999730000001,1.7649999859999999,1.761999965,1.730999947,1.667000055,1.5950000290000002,1.48300004,1.383000016,1.327999949,1.4789999719999998,1.5160000319999998,1.51699996,1.524999976,1.5340000390000001,1.4989999530000002,1.475000024,1.44599998,1.3960000280000002,1.350000024,1.406999946
105,Oman,5.400000095,5.375999928,5.472000122000001,5.52699995,5.382999897,4.9819998739999996,4.573999882,4.250999928,4.142000198,5.224999905,5.0180001260000004,4.624000072,4.5310001369999995,4.357999802,3.8970000739999997,3.6319999689999998,3.2699999810000002,3.023000002,2.864000082,2.671000004
106,Pakistan,0.628000021,0.626999974,0.640999973,0.64200002,0.629999995,0.614000022,0.582000017,0.398000002,0.423000008,0.535000026,0.652999997,0.796000004,1.7000000480000002,2.9539999960000003,1.8270000219999998,3.565999985,3.789000034,3.944999933,4.083000183,4.453000069
107,Panama,3.7279999260000003,3.726000071,3.776000023,3.7809998989999998,3.7360000610000004,3.677999973,3.559000015,3.4590001110000004,3.426000118,3.654999971,3.7130000589999996,2.311000109,2.391000032,2.299999952,2.72300005,3.002000093,3.3150000569999998,3.900000095,3.894000053,3.90199995
108,Peru,5.736000061,5.734000206,5.798999786,4.788000107,4.901000023,4.860000134,4.260000229,4.188000202,4.05700016,3.900000095,3.4779999260000003,3.441999912,3.108999968,3.2369999889999996,2.961999893,3.0,3.535000086,3.460000038,3.390000105,3.3099999430000002
109,Philippines,3.700000048,3.6979999539999997,3.6319999689999998,3.52699995,3.552999973,3.7950000760000004,4.052000046,3.434000015,3.720000029,3.85800004,3.6050000189999998,3.5920000080000003,3.503999949,3.496999979,3.599999905,3.0680000780000003,2.707999945,2.552000046,2.338000059,2.150000095
110,Papua New Guinea,2.9200000760000004,2.819999933,2.7639999389999996,2.6719999309999998,2.542999983,2.40899992,2.236000061,2.082999945,1.980999947,2.048000097,2.002000093,2.619999886,2.630000114,2.64199996,2.601000071,2.572999954,2.539000034,2.480000019,2.423000097,2.459000111
111,Poland,16.31299973,18.37299919,19.89500046,19.37000084,19.07299995,17.74600029,13.840999599999998,9.602000237,7.118000031,8.166999817,9.637000084,9.631999968999999,10.088000300000001,10.32600021,8.989999771,7.500999928,6.160999775,4.887000083999999,3.845000029,3.473999977
112,Portugal,3.809000015,3.828000069,4.497000217,6.131999969,6.316999912000001,7.581999778999999,7.646999836,7.964000225,7.552000046,9.43200016,10.77000046,12.67700005,15.52700043,16.18300056,13.89400005,12.44400024,11.06599998,8.866999626,6.993000031,6.334000111
113,Paraguay,9.303999901000001,9.300999641,9.392999649,6.81400013,6.513000011,4.8249998089999995,5.276000023,4.712999821,4.414999962,5.4600000379999996,4.568999767,4.6690001489999995,4.085000038,4.385000229,5.03399992,4.556000233,5.2550001139999996,4.614999771,4.53399992,4.809000015
114,Qatar,1.588000059,1.6599999669999999,1.7710000280000002,1.75,1.5789999959999999,1.126999974,0.870000005,0.519999981,0.310000002,0.310000002,0.44999998799999996,0.560000002,0.47999998899999996,0.280000001,0.200000003,0.17000000199999998,0.150000006,0.14000000099999999,0.109999999,0.09099999800000001
115,Romania,6.967000007999999,6.558000087999999,8.109999657000001,6.9499998089999995,7.718999863,7.173999786,7.269000052999999,6.413000107,5.787000179,6.859000206,6.959000111,7.177000046,6.7940001489999995,7.096000195,6.802000046,6.8119997979999996,5.901000023,4.927000046,4.186999798,3.976000071
116,Russia,10.58100033,8.977999687,7.875,8.210000037999999,7.763000011,7.124000072,7.054999828,6.001999855,6.204999924,8.300999641,7.368999958,6.535999775,5.43599987,5.458000182999999,5.159999847,5.571000099,5.559000015,5.211999893,4.846000195,4.585000038
117,Rwanda,0.7590000029999999,0.811999977,0.889999986,0.91900003,0.924000025,0.920000017,0.8840000029999999,0.8560000059999999,0.861000001,1.00999999,1.072000027,1.101999998,1.138000011,1.177999973,1.16900003,1.143000007,1.113000035,1.062999964,1.01699996,1.0299999709999998
118,Saudi Arabia,4.570000172,4.6199998860000004,5.269999981000001,5.559999942999999,5.820000172,6.0500001910000005,6.25,5.730000018999999,5.079999924,5.3800001139999996,5.5500001910000005,5.769999981000001,5.519999981000001,5.570000172,5.71999979,5.590000152999999,5.650000095,5.889999866,6.0399999620000004,5.927000046
119,Sudan,15.43599987,15.43099976,15.52900028,15.53800011,15.44799995,15.33100033,15.08600044,14.87199974,14.80000019,13.0,15.18599987,17.44000053,17.4659996,17.49900055,17.39100075,17.31599998,17.22299957,17.05999947,16.89999962,16.53499985
120,Senegal,5.605999947000001,5.605000018999999,5.650000095,6.712999821,7.8029999729999995,8.94299984,10.02999973,9.852000237,9.802000046,10.2329998,10.34500027,10.35999966,9.427000046,8.541999817,7.611000061,6.756999969,6.7059998510000005,6.614999771,6.52699995,6.604000092000001
121,Singapore,3.700000048,3.75999999,5.650000095,5.929999828,5.840000152999999,5.590000152999999,4.480000018999999,3.900000095,3.960000038,5.860000134,4.1199998860000004,3.890000105,3.720000029,3.859999895,3.74000001,3.789999962,4.079999924,4.1999998089999995,4.019000053,4.109000206
122,Sierra Leone,3.413000107,3.411000013,3.450999975,3.45600009,3.4200000760000004,3.4939999580000003,3.512000084,3.539999962,3.627000093,3.970000029,4.157000065,4.293000221000001,4.440999985,4.597000122,4.677999973,4.637000083999999,4.586999893,4.5,4.416999817,4.427999973
123,El Salvador,6.9600000379999996,6.9600000379999996,5.730000018999999,6.260000229,6.0500001910000005,7.21999979,6.570000172,6.409999847000001,5.8800001139999996,7.329999924,4.8930001260000004,4.296999931,3.842999935,3.6930000780000003,4.153999805,3.997999907,4.418000221000001,4.385000229,4.006000042,4.110000134
124,Somalia,11.76200008,11.75699997,11.84200001,11.85000038,11.77099991,11.67000008,11.45699978,11.27299976,11.21000004,11.6239996,11.72399998,11.72799969,11.74800014,11.77499962,11.68500042,11.62300014,11.54599953,11.41100025,11.27999973,11.35099983
125,Serbia,12.60000038,12.80000019,13.80000019,15.19999981,18.5,20.85000038,20.85000038,18.05999947,13.70499992,16.1420002,19.21800041,22.9659996,24.0,22.15399933,19.22299957,17.65999985,15.25699997,13.47700024,12.7329998,12.68599987
126,South Sudan,12.71199989,12.70699978,12.79399967,12.80300045,12.72299957,12.61900043,12.40200043,12.21399975,12.14999962,12.57400036,12.67700005,12.68099976,12.70199966,12.72999954,12.63799953,12.57499981,12.49600029,12.35900021,12.22500038,12.24400043
127,Suriname,12.68999958,11.83899975,11.10400009,10.31900024,9.489999771,9.274999618999999,8.972000122,8.696000098999999,8.520000458,8.720000267,7.150000095,7.5399999620000004,8.100000381000001,6.599999905,6.940000057000001,7.21999979,7.1690001489999995,7.0809998510000005,6.993999958,7.334000111
128,Slovakia,19.06200027,19.38199997,18.72100067,17.12000084,18.59900093,16.25600052,13.37300014,11.14299965,9.508000374,12.02499962,14.37899971,13.61699963,13.9630003,14.22099972,13.18400002,11.48099995,9.670000076,8.130999565,6.535999775,5.56099987
129,Slovenia,6.918000221000001,5.68200016,5.921999931,6.479000092000001,6.012000083999999,6.506000042,5.9499998089999995,4.81799984,4.370999813,5.8569998739999996,7.236000061,8.166000366,8.840000153,10.10200024,9.668000221,8.961999893,8.0,6.56400013,5.107999802,4.195000172
130,Sweden,5.46600008,4.730000018999999,4.965000153,5.554999828,6.69299984,7.486000061,7.065999985,6.160999775,6.235000134,8.350999832000001,8.609999657000001,7.803999901,7.975999832,8.052000046,7.953000069,7.43200016,6.989999771,6.717999935,6.346000195,6.475999832
131,Swaziland,24.42000008,25.05400085,25.82799911,26.50099945,27.04899979,27.55999947,27.88400078,28.23999977,27.44499969,27.4470005,26.91799927,26.24200058,25.59799957,24.97100067,24.18700027,23.45499992,22.71800041,22.53800011,22.36100006,22.08300018
132,Chad,1.031000018,1.080000043,1.1549999709999998,1.212000012,1.241999984,1.264000058,1.248000026,1.238999963,1.26699996,1.470999956,1.570000052,1.633000016,1.7039999959999999,1.781000018,1.800999999,1.832999945,1.855999947,1.84800005,1.838000059,1.8910000319999998
133,Togo,4.460999966,4.456999778999999,4.524000168,4.53000021,4.467999935,4.389999866,4.229000092,3.569999933,3.049999952,2.7960000039999997,2.39199996,1.981999993,2.052000046,2.127000093,2.161000013,2.203999996,2.174999952,2.125999928,2.078999996,2.038000107
134,Thailand,2.388999939,2.599999905,1.820000052,1.5399999619999998,1.50999999,1.350000024,1.2200000290000002,1.179999948,1.179999948,0.93599999,0.621999979,0.660000026,0.579999983,0.48899999299999997,0.575999975,0.597000003,0.688000023,0.829999983,0.765999973,0.754000008
135,Tajikistan,14.96399975,14.56999969,14.29599953,13.92500019,13.45300007,12.963000300000001,12.35499954,11.79599953,11.38599968,11.5,11.60900021,11.61400032,11.63599968,11.66600037,11.56900024,11.5010004,11.41800022,11.27400017,11.13300037,11.0170002
136,Turkmenistan,11.67300034,10.72299957,9.911999702000001,9.048000336,8.142999649,7.271999836,6.377999783,5.573999882000001,4.907000065,4.532000065,4.0,4.001999855,4.012000083999999,4.024000168,3.98300004,3.9539999960000003,3.9200000760000004,3.858999968,3.799999952,3.913000107
137,Timor Leste,3.312999964,3.3110001089999996,3.349999905,3.3550000189999998,3.3190000060000004,3.273999929,3.180000067,3.099999905,3.073999882,3.2560000419999997,3.301000118,3.529999971,3.776000023,4.034999847,4.232999802,4.448999882,4.657000065,4.565999985,4.479000092,4.547999859
138,Tunisia,14.93999958,14.39999962,14.55000019,14.51000023,14.22999954,12.87199974,12.51000023,12.36499977,12.44299984,13.28999996,13.04899979,18.33399963,17.62999916,15.93400002,15.05799961,15.21800041,15.51399994,15.37899971,15.45899963,16.02199936
139,Turkey,6.4949998860000004,8.380999565,10.3579998,10.54199982,10.838000300000001,10.63599968,8.718000412,8.868000031000001,9.710000037999999,12.55200005,10.65999985,8.795999527000001,8.149000167999999,8.732000351,9.880000114,10.23600006,10.83899975,10.81900024,10.89000034,13.48999977
140,Tanzania,3.071000099,2.9939999580000003,3.128000021,3.2290000919999997,3.285000086,3.325000048,3.299000025,2.90199995,2.595999956,2.5,2.9860000610000004,3.470000029,3.1930000780000003,2.930000067,2.125,2.102999926,2.076999903,2.0329999919999997,1.99000001,1.980000019
141,Uganda,2.8289999960000003,3.1300001139999996,3.5,3.599999905,2.683000088,1.899999976,2.1930000780000003,2.503000021,2.885999918,3.599999905,3.624000072,3.582000017,3.551000118,1.9099999669999999,1.879999995,1.8589999680000002,1.832999945,1.7899999619999998,1.7489999530000002,1.843000054
142,Ukraine,11.70699978,11.06099987,10.13599968,9.05700016,8.590000153,7.179999828,6.809999942999999,6.350999832,6.362999916000001,8.840000153,8.100000381000001,7.850999832,7.528999805,7.170000076,9.270000458,9.140000342999999,9.350000381000001,9.510000229,8.798999786,8.881999968999999
143,Uruguay,12.62699986,15.05200005,16.64800072,16.6609993,12.97999954,12.00899982,10.84399986,9.402999878,8.026000023,7.739999771,7.157999992000001,6.30700016,6.451000214,6.443999767,6.546999931,7.487999916000001,7.84100008,7.889999866,8.336000443,8.730999947
144,Uzbekistan,12.06499958,10.92500019,9.93900013,8.916000366,7.870999812999999,6.877999783,5.8800001139999996,4.989999771,4.889999866,5.039999962,5.360000134,4.960000038,4.8699998860000004,4.860000134,5.090000153,5.150000095,5.159999847,5.829999924,5.736000061,5.916999817000001
145,Vietnam,2.25999999,2.75999999,2.119999886,2.25,2.140000105,2.137000084,2.079999924,2.026000023,1.791000009,1.736999989,1.113999963,1.875,1.675999999,1.9769999980000001,1.873000026,2.125,2.082999945,2.052999973,1.993000031,2.013000011
146,Yemen,11.56700039,11.69999981,11.92099953,12.06900024,12.13000011,12.16699982,12.088000300000001,12.03199959,12.10099983,12.68099976,12.93200016,13.07999992,13.24800014,13.42399979,13.46700001,13.39500046,13.30700016,13.15200043,13.00199986,12.90999985
147,South Africa,30.22900009,30.89599991,33.47299957,32.45600128,29.57600021,29.25300026,28.48900032,26.66600037,22.43300056,23.53800011,24.69300079,24.65299988,24.73200035,24.56900024,24.89800072,25.15600014,26.5510006,27.07099915,26.92000008,28.18099976
148,Zambia,12.93000031,13.51500034,14.20699978,14.83600044,15.38000011,15.89999962,12.85299969,10.18299961,7.929999828,10.50599957,13.18999958,10.34300041,7.849999905,8.618000031000001,9.340000153,10.10499954,10.88199997,11.6260004,11.5,11.42500019
149,Zimbabwe,5.639999866,5.309000015,5.039999962,4.732999802,4.389999866,4.473999977,4.495999813,4.528999805,4.627999783,5.008999825,5.217000008,5.368000031,5.381000042,5.399000168,5.342000008,5.302000046,5.252999783,5.168000221000001,5.086999893,4.953999996
